step,data_percentage,available_data,train_size,test_size,train_rmse,test_rmse,train_mse,test_mse,train_mape,test_mape,ljung_box_pvalue,shapiro_pvalue,skewness,kurtosis,model
1,0.2,320,224,96,4.0974292833773935,3.2467544585881614,16.788926732278583,10.541414514362105,41.63671152886957,36.57012085034396,2.0854681362284996e-07,1.742446654627236e-13,-0.5551240613930474,8.513881233749204,"SARIMA(3, 0, 0)x(1, 0, 1, 12)"
2,0.4,641,448,193,3.4125473081684556,2.55059459478613,11.645479130487773,6.505532786952223,37.832103747450496,45.28642528211538,4.71185619891274e-08,2.897914117771735e-17,-0.6637074143640681,9.260102116244523,"SARIMA(3, 0, 0)x(1, 0, 1, 12)"
3,0.6,962,673,289,3.141757046694159,2.4425162694523577,9.870637340452404,5.965885726539463,37.79271055686716,28.83437044792893,1.9015653958526973e-08,3.0398060330711214e-20,-0.6730603398366836,9.219051815531172,"SARIMA(3, 0, 0)x(1, 0, 1, 12)"
4,0.8,1283,898,385,2.984634205024357,2.5271963079786994,8.908041337801375,6.386721179061169,35.588932051180706,33.217847424693005,2.9647814853840474e-08,1.1441191253637859e-21,-0.6470151297183319,8.778724136856827,"SARIMA(3, 0, 0)x(1, 0, 1, 12)"
5,1.0,1604,1122,482,2.8806719046928104,2.8117629332795393,8.298270622486505,7.906010792964758,34.46499974630209,34.05657304209496,8.34467512806972e-07,4.8654722357166527e-23,-0.6798017482422675,8.090850364118948,"SARIMA(3, 0, 0)x(1, 0, 1, 12)"
