step,data_percentage,available_data,train_size,test_size,train_rmse,test_rmse,train_mse,test_mse,model
1,0.2,320,224,96,3.9312088780406858,3.3539113134480947,15.454403242785906,11.248721098475123,"SARIMA(1, 1, 2)x(1, 0, 1, 12)"
2,0.4,641,448,193,3.3305494845301222,2.5427526222449015,11.092559868903864,6.465590897933322,"SARIMA(1, 1, 2)x(1, 0, 1, 12)"
3,0.6,962,673,289,3.0910545024981997,2.436915871046376,9.554617937414394,5.938558962557717,"SARIMA(1, 1, 2)x(1, 0, 1, 12)"
4,0.8,1283,898,385,2.9290981093270645,2.4817084043354583,8.579615734063385,6.1588766041492455,"SARIMA(1, 1, 2)x(1, 0, 1, 12)"
5,1.0,1604,1122,482,2.840302549583904,2.670515440739728,8.067318573172825,7.1316527192293035,"SARIMA(1, 1, 2)x(1, 0, 1, 12)"
