step,data_percentage,available_data,train_size,test_size,train_rmse,test_rmse,train_mse,test_mse,train_mape,test_mape,ljung_box_pvalue,shapiro_pvalue,skewness,kurtosis
1,0.2,320,224,96,0.7855674916536699,1.2502159081619373,0.6171162839430387,1.5630398170211777,2.421014273681404,3.8175442218098383,4.6599376872638205e-12,0.8516877293586731,-0.03207484685239118,0.016267195755640618
2,0.4,641,448,193,1.4470198562216188,2.5632842393469817,2.0938664642996345,6.570426091684635,2.903380973008276,8.869994924033168,3.267812853468141e-06,1.195587957381656e-32,9.963720817910598,159.08997332416732
3,0.6,962,673,289,1.1574918728520074,1.2569513985646383,1.3397874357184474,1.5799268183536004,2.319379129488114,3.5540567686780427,0.0018455100022423904,9.947383395717936e-40,12.776060923985055,260.5026813432189
4,0.8,1283,898,385,0.9624216771606225,1.1207346893191708,0.9262554846686655,1.256046243843338,1.7389036809155254,3.4755811930006506,0.20111216720743105,0.0,16.672596149807735,410.43496860375177
5,1.0,1604,1122,482,1.1308572131419348,1.2916634583888944,1.2788380365151433,1.6683944897371594,2.694646970720566,3.9751044887869758,6.333104006775809e-48,9.47824268284663e-41,8.377257693487545,171.79453309618728
