step,data_percentage,available_data,train_size,test_size,train_rmse,test_rmse,train_mse,test_mse,train_mape,test_mape,ljung_box_pvalue,shapiro_pvalue,skewness,kurtosis,model
1,0.2,318,222,96,0.7890869380336192,0.7315272528440084,0.6226581957752728,0.5351321216535019,111564078577666.97,95.90721227859487,1.8441420444925624e-07,0.018667206168174744,-0.04499255591025841,1.175891161588928,"SARIMA(2, 1, 2)x(1, 1, 1, 12)"
2,0.4,636,445,191,0.6796314670386846,0.6464788389422553,0.46189893098915463,0.4179348892001265,,103.94515426668353,2.9371261215615977e-11,1.3273880540509708e-05,0.027575924453363623,1.8546953957649013,"SARIMA(2, 1, 2)x(1, 1, 1, 12)"
3,0.6,954,667,287,0.6263912381681496,0.6705808005060251,0.3923659832538275,0.4496786100073014,,1738946066843.821,8.792094001784556e-16,3.559674439657101e-07,0.02695645902465002,1.932674245132116,"SARIMA(2, 1, 2)x(1, 1, 1, 12)"
4,0.8,1272,890,382,0.6665249200670011,0.762020667405604,0.44425546907032226,0.5806754975532822,,,5.882250531440991e-35,1.2687031923399828e-26,-0.08423579642872937,19.296523590144822,"SARIMA(2, 1, 2)x(1, 1, 1, 12)"
5,1.0,1591,1113,478,0.6380923650332359,0.733775798113287,0.4071618663137084,0.5384269218967913,,,1.561032448490303e-24,2.714283944846885e-26,-0.056205839578165155,15.696403243943333,"SARIMA(2, 1, 2)x(1, 1, 1, 12)"
