fold,train_rmse,test_rmse,train_mse,test_mse,ljung_box_pvalue,shapiro_pvalue,skewness,kurtosis,model
1,2.6134175554610173,23.617434949135365,6.8299513191918395,557.7832335766406,0.0015956639931401853,3.5058109737803977e-15,-0.21451251994257564,2.4405740486998297,"SARIMA(2, 1, 2)x(0, 1, 1, 12)"
2,3.4205811455199755,7.938529657282944,11.700375373086748,63.02025311956085,2.6388315578348237e-22,1.811662254325019e-23,-0.39411243425399334,5.674682325826097,"SARIMA(2, 1, 2)x(0, 1, 1, 12)"
3,3.416340523238571,14.439335725554598,11.671382570721994,208.49441619527732,1.672591769833448e-20,1.7933884366328536e-23,-0.42400257225457294,5.612803602619087,"SARIMA(2, 1, 2)x(0, 1, 1, 12)"
4,3.4436652524807294,26.748401453172484,11.858830371143167,715.4769803000798,1.6772219512173112e-21,1.3270364508645705e-23,-0.2394190823242305,5.950209992045448,"SARIMA(2, 1, 2)x(0, 1, 1, 12)"
5,2.803649145660946,2.738494984384682,7.860448531965352,7.4993547795000595,0.01752049655591097,3.426699453802529e-22,-0.6389450863050035,7.125032072153498,"SARIMA(2, 1, 2)x(0, 1, 1, 12)"
