fold,train_rmse,test_rmse,train_mse,test_mse,ljung_box_pvalue,shapiro_pvalue,skewness,kurtosis,model
1,0.609365860698969,0.8024290706160319,0.3713267521853953,0.6438924133697087,6.75506842935631e-35,2.7227534396138712e-21,-0.06290314565739366,6.61778852181957,"SARIMA(2, 1, 2)x(1, 1, 1, 12)"
2,0.6475663612394337,0.6541692736949122,0.41934219220888075,0.42793743864652894,1.0751903652207686e-30,4.514847020248189e-27,-0.04145428661471966,15.438896040620548,"SARIMA(2, 1, 2)x(1, 1, 1, 12)"
3,0.6438114394487882,0.6801220499108767,0.4144931695651206,0.462566002774973,3.6734861734020503e-31,6.4403763712069925e-27,-0.05395719847368058,15.742344814535336,"SARIMA(2, 1, 2)x(1, 1, 1, 12)"
4,0.6269198933042269,0.7901787053059571,0.3930285526205833,0.6243823863189986,1.0671576350659948e-35,4.224016961578139e-29,-0.026880273068243775,18.40522412119807,"SARIMA(2, 1, 2)x(1, 1, 1, 12)"
5,0.6145446866495722,0.6944208053343037,0.37766517188922083,0.4822202548811429,7.360363288874977e-29,1.3300631707124921e-08,-0.050762246950475216,1.4842878682632792,"SARIMA(2, 1, 2)x(1, 1, 1, 12)"
