fold,train_rmse,test_rmse,train_mse,test_mse,ljung_box_pvalue,shapiro_pvalue,skewness,kurtosis,model
1,0.6422317893106572,0.7876678657860238,0.4124616712011683,0.6204206667919095,4.9150789308093376e-54,4.113400639755024e-12,0.21738451132543252,2.760372285016717,"SARIMA(2, 1, 2)x(0, 1, 1, 12)"
2,0.7214623143800714,0.6528092920111412,0.5205078710706489,0.42615997173608744,1.1328978636228612e-58,1.0969050479918139e-26,-0.08162558516909187,15.80873956486543,"SARIMA(2, 1, 2)x(0, 1, 1, 12)"
3,0.7252709778412496,0.6743587037906964,0.5260179912988024,0.45475966137826823,4.53258861909252e-61,3.0036425434742463e-26,-0.09721831264770703,15.402681584691237,"SARIMA(2, 1, 2)x(0, 1, 1, 12)"
4,0.7043000294760988,0.7802031141006263,0.49603853152003363,0.6087168992523149,5.0046824941191846e-64,2.7466399574396863e-28,-0.08911631206885656,18.591283198288743,"SARIMA(2, 1, 2)x(0, 1, 1, 12)"
5,0.7144789778550892,0.6962489348409295,0.510480209796853,0.484762579267129,2.814534010757987e-65,2.3229621233503086e-27,-0.0953076912930129,16.86542954981484,"SARIMA(2, 1, 2)x(0, 1, 1, 12)"
