fold,train_rmse,test_rmse,train_mse,test_mse,ljung_box_pvalue,shapiro_pvalue,skewness,kurtosis,model
1,0.6422317893106572,0.7876678657860238,0.4124616712011683,0.6204206667919095,4.9150789308093376e-54,4.113400639755024e-12,0.21738451132543252,2.760372285016717,"SARIMA(2, 1, 2)x(0, 1, 1, 12)"
2,0.7201298694307711,0.6526353463329977,0.5185870288463793,0.4259328952831918,3.079458941823876e-58,1.480910823902621e-26,-0.06677022266386735,15.53226445897208,"SARIMA(2, 1, 2)x(0, 1, 1, 12)"
3,0.7252709778412496,0.6743587037906964,0.5260179912988024,0.45475966137826823,4.53258861909252e-61,3.0036425434742463e-26,-0.09721831264770703,15.402681584691237,"SARIMA(2, 1, 2)x(0, 1, 1, 12)"
4,0.7043000294760988,0.7802031141006263,0.49603853152003363,0.6087168992523149,5.0046824941191846e-64,2.7466399574396863e-28,-0.08911631206885656,18.591283198288743,"SARIMA(2, 1, 2)x(0, 1, 1, 12)"
5,0.7133427685160428,0.696229410765136,0.5088579053941327,0.48473539241436847,5.795149759284207e-64,3.7845549441863606e-27,-0.08970317876253263,16.50423253805376,"SARIMA(2, 1, 2)x(0, 1, 1, 12)"
