step,data_percentage,available_data,train_size,test_size,train_rmse,test_rmse,train_mse,test_mse,train_mape,test_mape,ljung_box_pvalue,shapiro_pvalue,skewness,kurtosis
1,0.2,320,224,96,1.891776576099999,1.7501290728543266,3.5788186138806353,3.0629517716499453,,38.118481177707196,0.7195189777503204,5.192717367208388e-07,-0.9598286145953813,3.989511477976013
2,0.4,641,448,193,1.7926089122457638,2.0384748062876463,3.2134467122629404,4.155379535869457,,69.99025761263495,0.2360569946287535,1.756710616973578e-07,-0.6585817523569337,2.8146612005502227
3,0.6,962,673,289,1.8724639815583344,2.121040265211662,3.5061213622332903,4.498811806649157,,55.59498712769274,0.0006291461062473242,1.899139179251108e-10,-0.7270366391977429,2.922900635910045
4,0.8,1283,898,385,1.9562052464278088,2.096353062255443,3.826738966151684,4.394696161627774,,70.12139989326013,7.630041896364154e-07,4.910078420239383e-13,-0.7743239415337079,2.6177672567263217
5,1.0,1604,1122,482,1.9492629053309078,2.203292540994037,3.7996258740990916,4.85449802119996,,55.52333158829872,1.5903327684558656e-08,8.106152421431345e-16,-0.8168762884686981,2.8327919758943727
