step,data_percentage,available_data,train_size,test_size,train_rmse,test_rmse,train_mse,test_mse,train_mape,test_mape,ljung_box_pvalue,shapiro_pvalue,skewness,kurtosis,model
1,0.2,320,224,96,2.3963983514110985,2.1722527255373363,5.74272505864583,4.718681903604385,525.8370957941435,151.52960139156485,0.014306878662449066,2.800686571546862e-09,0.9241934703175846,6.369033167745281,"SARIMA(1, 1, 2)x(1, 0, 1, 12)"
2,0.4,641,448,193,2.1055049327521127,2.5058756669551987,4.433151021843478,6.279412858238163,340.9733100953422,327.2224683975631,0.0016059267642219823,1.665420947850882e-12,0.721026557201394,6.770360628633327,"SARIMA(1, 1, 2)x(1, 0, 1, 12)"
3,0.6,961,672,289,2.049114087216903,2.5371938439613837,4.198868542430761,6.437352601835541,296.05478055966495,130.05055338356777,0.01011374305271695,1.5895755035594955e-13,0.33238215269973026,5.639605788262211,"SARIMA(1, 1, 2)x(1, 0, 1, 12)"
4,0.8,1282,897,385,2.055013361179916,2.4024202637240673,4.223079914627976,5.771623123552017,260.10273778886545,173.91856663063635,0.010718634915116702,6.885092488680003e-15,0.08861434687180055,4.8555744940567935,"SARIMA(1, 1, 2)x(1, 0, 1, 12)"
5,1.0,1603,1122,481,2.0286546144235915,2.3971947976641235,4.11543954462213,5.746542897947938,236.2572198676479,333.52637167852777,0.04768401701903189,5.15540680733144e-17,-0.12432791779570214,4.639987007843136,"SARIMA(1, 1, 2)x(1, 0, 1, 12)"
